{"schemaVersion":"1.0","appDefinitionTemplate":{"id":"/providers/Microsoft.PowerApps/apps/","type":"Microsoft.PowerApps/apps","tags":{"primaryDeviceWidth":"2834","primaryDeviceHeight":"1357","supportsPortrait":"true","supportsLandscape":"true","primaryFormFactor":"Tablet","showStatusBar":"false","publisherVersion":"3.25032.10","minimumRequiredApiVersion":"2.2.0","hasComponent":"false","hasUnlockedComponent":"false","isUnifiedRootApp":"false","sienaVersion":"20250321T111339Z-3.25032.10.0"},"properties":{"appVersion":"2025-03-21T11:13:39Z","lifeCycleId":"Published","createdByClientVersion":{"major":3,"minor":25032,"build":10,"revision":0,"majorRevision":0,"minorRevision":0},"minClientVersion":{"major":3,"minor":25032,"build":10,"revision":0,"majorRevision":0,"minorRevision":0},"backgroundColor":"RGBA(0,176,240,1)","backgroundImageUri":"/7019152228465766730/N152adb94-9fea-4bb7-8345-884ed70299e0-logoSmallFile","displayName":"Medical booking","description":"","commitMessage":"","appUris":{"documentUri":{"value":"/7019152228465766730/N5e5aaef1-5317-4957-a2ff-72d8150c2091-document.msapp"},"imageUris":[],"additionalUris":[{"isSolutionAware":false,"value":"/7019152228465766730/Nccf8b6dc-367e-49a5-b51d-ab30e840519a-identity.json"}]},"createdTime":"0001-01-01T00:00:00Z","lastModifiedTime":"0001-01-01T00:00:00Z","sharedGroupsCount":0,"sharedUsersCount":0,"connectionReferences":{"fa8855bd-8b40-446c-a1e3-cc7847f6fa9a":{"id":"c607f6b9-ea37-4272-96fe-ba0efab28d30","displayName":"SharePoint","iconUri":"https://conn-afd-prod-endpoint-bmc9bqahasf3grgk.b01.azurefd.net/releases/v1.0.1738/1.0.1738.4131/sharepointonline/icon.png","dataSources":["2025 Medical Booking","expat","Delete_booking"],"dependencies":[],"dependents":[],"parameterHints":{},"parameterHintsV2":{},"isOnPremiseConnection":false,"bypassConsent":false,"dataSets":{"https://nestle.sharepoint.com/teams/CWAHRSURVEYS":{"dataSources":{"2025 Medical Booking":{"tableName":"8bd873e3-e9fc-4ecc-8312-7a65346d1c0e"},"expat":{"tableName":"9b4ac36e-f8eb-47df-8c35-df316872e71a"},"Delete_booking":{"tableName":"c03ce929-b909-4215-949f-42b6831c606c"}}}},"apiTier":"Standard","isCustomApiConnection":false,"actions":["providers/PowerPlatform.Governance/Operations/Read","providers/PowerPlatform.Governance/Operations/Write","providers/PowerPlatform.Governance/Operations/Delete"]},"2d7e3996-62a9-4724-83c4-b767039f43fb":{"id":"61eeb5d6-cf0e-43a7-a918-b8c80dca63ed","displayName":"Office 365 Users","iconUri":"https://conn-afd-prod-endpoint-bmc9bqahasf3grgk.b01.azurefd.net/releases/v1.0.1735/1.0.1735.4103/office365users/icon.png","dataSources":["Office365Users"],"dependencies":[],"dependents":[],"parameterHints":{},"parameterHintsV2":{},"isOnPremiseConnection":false,"bypassConsent":false,"dataSets":{},"apiTier":"Standard","isCustomApiConnection":false,"actions":["UserProfile_V2"]}},"databaseReferences":{},"almMode":"Environment","performanceOptimizationEnabled":true,"canConsumeAppPass":false,"enableModernRuntimeMode":false,"executionRestrictions":{"isTeamsOnly":false,"dataLossPreventionEvaluationResult":{"status":"Compliant","lastEvaluationDate":"2025-03-07T09:51:43.4840917Z","violations":[],"violationsByPolicy":[],"violationErrorMessage":"The app uses the following connectors: shared_sharepointonline, shared_office365users, shared_logicflows, shared_office365, shared_excelonlinebusiness."},"httpActionRestriction":{"appUsesSharepointHttpAction":false,"enforcementStrategy":"Legacy","evaluationTime":"2025-03-07T09:51:43.4839733Z"}}},"isAppComponentLibrary":false,"appType":"ClassicCanvasApp","appComponents":[]}}