{"schemaVersion":"1.0","appDefinitionTemplate":{"id":"/providers/Microsoft.PowerApps/apps/","type":"Microsoft.PowerApps/apps","tags":{"primaryDeviceWidth":"1366","primaryDeviceHeight":"768","supportsPortrait":"true","supportsLandscape":"true","primaryFormFactor":"Tablet","showStatusBar":"false","publisherVersion":"3.25014.16","minimumRequiredApiVersion":"2.2.0","hasComponent":"false","hasUnlockedComponent":"false","isUnifiedRootApp":"false","sienaVersion":"20250210T154159Z-3.25014.16.0","offlineLargeFilesSupport":"true","coauthoringEnabled":"true","multipleWritersEnabled":"true","acceptedCoauthoringTerms":"true"},"properties":{"appVersion":"2025-02-10T15:41:59Z","lifeCycleId":"Published","createdByClientVersion":{"major":3,"minor":25014,"build":16,"revision":0,"majorRevision":0,"minorRevision":0},"minClientVersion":{"major":3,"minor":25014,"build":16,"revision":0,"majorRevision":0,"minorRevision":0},"backgroundColor":"RGBA(0,176,240,1)","backgroundImageUri":"/8534955672728598266/N2e348bb8-72fe-46d4-8785-b20164559baf-logoSmallFile","displayName":"NBS Canteen Application","description":"","commitMessage":"","appUris":{"documentUri":{"value":"/8534955672728598266/N49ec100a-8562-4f54-b126-abecdb7dd42e-document.msapp"},"imageUris":[],"additionalUris":[{"isSolutionAware":false,"value":"/8534955672728598266/Nd3f289d1-208c-49e8-b095-2c53584886a3-identity.json"}]},"createdTime":"0001-01-01T00:00:00Z","lastModifiedTime":"0001-01-01T00:00:00Z","sharedGroupsCount":0,"sharedUsersCount":0,"connectionReferences":{"902bbeed-f61c-4b13-9bc3-2c17dbab9188":{"id":"61eeb5d6-cf0e-43a7-a918-b8c80dca63ed","displayName":"Office 365 Users","iconUri":"https://conn-afd-prod-endpoint-bmc9bqahasf3grgk.b01.azurefd.net/releases/v1.0.1718/1.0.1718.3951/office365users/icon.png","dataSources":["Office365Users"],"dependencies":[],"dependents":[],"parameterHints":{},"parameterHintsV2":{},"isOnPremiseConnection":false,"bypassConsent":false,"dataSets":{},"apiTier":"Standard","isCustomApiConnection":false,"actions":["MyProfile_V2","UserPhoto","UserProfile_V2"]},"adcde516-4d58-40a8-a38b-c0924ecd9f33":{"id":"c607f6b9-ea37-4272-96fe-ba0efab28d30","displayName":"SharePoint","iconUri":"https://conn-afd-prod-endpoint-bmc9bqahasf3grgk.b01.azurefd.net/releases/v1.0.1723/1.0.1723.3986/sharepointonline/icon.png","dataSources":["NBS Canteen Menu","NBS CantTry","NBS Dishes","NBS Cant","NBS Cantee","NBS Eaters","NBS Canteen Mail","NBS Serve","Eaters ID"],"dependencies":[],"dependents":[],"parameterHints":{},"parameterHintsV2":{},"isOnPremiseConnection":false,"bypassConsent":false,"dataSets":{"https://nestle.sharepoint.com/teams/NBSPowerBIDataSources":{"dataSources":{"NBS Canteen Menu":{"tableName":"61271a0a-82dc-454b-95cf-955ad16994e0"},"NBS CantTry":{"tableName":"ee15bed2-21ce-4c9a-bf97-a5c5df6a274a"},"NBS Dishes":{"tableName":"6143a5f5-5c67-46d0-b9fd-91486b5c4a26"},"NBS Cant":{"tableName":"b0384642-dad7-4a1c-bfa3-1b4ed26e0027"},"NBS Cantee":{"tableName":"1d260c5d-36bb-499c-992e-7cc99a7758cd"},"NBS Eaters":{"tableName":"0ef6ff19-7bcc-4518-8b05-c18822182ebf"}}},"https://nestle.sharepoint.com/teams/NBSPowerBIDataSources_new_shared_sharepointonline_f3c595b44f364f6c900e832fb3d77f91":{"datasetOverride":{"name":"https://nestle.sharepoint.com/teams/NBSPowerBIDataSources","environmentVariableName":"new_shared_sharepointonline_f3c595b44f364f6c900e832fb3d77f91"},"dataSources":{"NBS Canteen Mail":{"tableName":"ae327166-18c1-4a2a-a2df-32ea74cb9f12","tableNameOverride":{"name":"ae327166-18c1-4a2a-a2df-32ea74cb9f12","environmentVariableName":"new_shared_sharepointonline_f151874f5a894b479f765134324085db"}},"NBS Serve":{"tableName":"619cca77-87c8-41a3-89ef-b3822f0d9703","tableNameOverride":{"name":"619cca77-87c8-41a3-89ef-b3822f0d9703","environmentVariableName":"new_shared_sharepointonline_3aaed9012dd34da1af817ed94873824d"}},"Eaters ID":{"tableName":"07e6ae50-9e5e-42e5-a22e-40ce589febae","tableNameOverride":{"name":"07e6ae50-9e5e-42e5-a22e-40ce589febae","environmentVariableName":"new_shared_sharepointonline_6718939e75e54d9fa71357ef527b2cf5"}}}}},"apiTier":"Standard","isCustomApiConnection":false,"actions":["providers/PowerPlatform.Governance/Operations/Read","providers/PowerPlatform.Governance/Operations/Write"]}},"authorizationReferences":[{"resourceId":"powerbi"}],"databaseReferences":{},"almMode":"Solution","performanceOptimizationEnabled":true,"canConsumeAppPass":true,"enableModernRuntimeMode":false,"executionRestrictions":{"isTeamsOnly":false,"dataLossPreventionEvaluationResult":{"status":"Compliant","lastEvaluationDate":"2023-10-25T11:30:51.8514146Z","violations":[],"violationsByPolicy":[],"violationErrorMessage":"The app uses the following connectors: ."}}},"isAppComponentLibrary":false,"appType":"ClassicCanvasApp","appComponents":[]}}