{"schemaVersion":"1.0","appDefinitionTemplate":{"id":"/providers/Microsoft.PowerApps/apps/","type":"Microsoft.PowerApps/apps","tags":{"primaryDeviceWidth":"1366","primaryDeviceHeight":"768","sienaVersion":"20250428T141934Z-3.25042.10.0","deviceCapabilities":"","supportsPortrait":"true","supportsLandscape":"true","primaryFormFactor":"Tablet","publisherVersion":"3.25042.10","minimumRequiredApiVersion":"2.2.0","hasComponent":"false","hasUnlockedComponent":"false","isUnifiedRootApp":"false","showStatusBar":"false","offlineLargeFilesSupport":"false"},"properties":{"appVersion":"2025-04-28T14:19:34Z","lifeCycleId":"Published","createdByClientVersion":{"major":3,"minor":25042,"build":10,"revision":0,"majorRevision":0,"minorRevision":0},"minClientVersion":{"major":3,"minor":25042,"build":10,"revision":0,"majorRevision":0,"minorRevision":0},"backgroundColor":"rgba(128, 128, 128, 1)","backgroundImageUri":"/15430826902156185949/N2c4cf7f8-3806-4703-be56-6bef8d8ffa47-logoSmallFile","displayName":"Quality Check","description":"This app is for tracking (possible) errors made by E2Es discovered by the quality team through or after their checks of the processes involved.","commitMessage":"","appUris":{"documentUri":{"value":"/15430826902156185949/Na3ee104e-f218-475a-b1c1-171878319f0c-document.msapp"},"imageUris":[],"additionalUris":[{"isSolutionAware":false,"value":"/15430826902156185949/Ne2ecacfc-2f57-4134-ae21-c1a2e159e9d6-identity.json"}]},"createdTime":"0001-01-01T00:00:00Z","lastModifiedTime":"0001-01-01T00:00:00Z","sharedGroupsCount":0,"sharedUsersCount":0,"connectionReferences":{"70df65e0-134f-4a3f-9775-bdecf0a1711a":{"id":"c607f6b9-ea37-4272-96fe-ba0efab28d30","displayName":"SharePoint","iconUri":"https://conn-afd-prod-endpoint-bmc9bqahasf3grgk.b01.azurefd.net/releases/v1.0.1746/1.0.1746.4174/sharepointonline/icon.png","dataSources":["ACCURACY TRACKER","List for E2E","E2E Comment"],"dependencies":[],"dependents":[],"parameterHints":{},"parameterHintsV2":{},"isOnPremiseConnection":false,"bypassConsent":false,"dataSets":{"https://nestle.sharepoint.com/teams/nl":{"dataSources":{"ACCURACY TRACKER":{"tableName":"210e717a-4acd-4378-ad10-cce8c9edc4f1"},"List for E2E":{"tableName":"1ca5c383-f336-4e46-ab14-63769ab30e0f"},"E2E Comment":{"tableName":"2687e4e7-1e4c-4977-bce5-a0e67a0c1032"}}}},"apiTier":"Standard","isCustomApiConnection":false,"actions":["providers/PowerPlatform.Governance/Operations/Read","providers/PowerPlatform.Governance/Operations/Write","providers/PowerPlatform.Governance/Operations/Delete"]},"3911a3df-2c1c-423f-80e5-5e4e92ae144b":{"id":"e2e2ad59-c15b-4986-815f-8397d519579b","displayName":"Excel Online (Business)","iconUri":"https://conn-afd-prod-endpoint-bmc9bqahasf3grgk.b01.azurefd.net/releases/v1.0.1718/1.0.1718.3946/excelonlinebusiness/icon.png","dataSources":["QLIST"],"dependencies":[],"dependents":[],"parameterHints":{},"parameterHintsV2":{},"isOnPremiseConnection":false,"bypassConsent":false,"dataSets":{"groups%252Fe1b2075b-d1a9-4f86-acb6-6cb761c06542,b%2521aF08vxYRikqaAoE4g-PIt3OnPSBGj41HhmWXQ5S2OJp3Qb1Z6oEGQaChYStgNG8O,01QDD6QYIZ5RNIMRFZENEJCFKWUSCPGIFC":{"dataSources":{"QLIST":{"tableName":"{F4C2AD62-87D6-4618-B0AD-C5888E980038}"}}}},"apiTier":"Standard","isCustomApiConnection":false,"actions":["providers/PowerPlatform.Governance/Operations/Read"]}},"databaseReferences":{},"almMode":"Solution","performanceOptimizationEnabled":true,"canConsumeAppPass":true,"enableModernRuntimeMode":false,"executionRestrictions":{"isTeamsOnly":false,"dataLossPreventionEvaluationResult":{"status":"Compliant","lastEvaluationDate":"2022-01-10T01:19:50.7104943Z","violations":[],"violationsByPolicy":[],"violationErrorMessage":"The app uses the following connectors: shared_sharepointonline."}}},"isAppComponentLibrary":false,"appType":"ClassicCanvasApp","appComponents":[]}}